IP,First Seen,Last Seen
146.70.9.213,2024-11-10 16:35:58,2024-11-10 16:35:58
156.146.56.135,2024-11-10 16:35:58,2024-11-10 16:35:58
37.120.217.132,2024-11-10 16:35:58,2024-11-10 16:35:58
188.95.65.41,2024-11-10 16:35:58,2024-11-10 16:35:58
188.95.65.123,2024-11-10 16:35:58,2024-11-10 16:35:58
188.95.65.114,2024-11-10 16:35:58,2024-11-10 16:35:58
178.239.172.60,2024-11-10 16:35:58,2024-11-10 16:35:58
178.239.172.125,2024-11-10 16:35:58,2024-11-10 16:35:58
138.199.31.234,2024-11-10 16:35:58,2024-11-10 16:35:58
149.88.111.138,2024-11-10 16:35:58,2024-11-10 16:35:58
156.146.56.136,2024-11-10 16:35:58,2024-11-10 16:35:58
178.239.172.58,2024-11-10 16:35:58,2024-11-10 16:35:58
156.146.56.130,2024-11-10 16:35:58,2024-11-10 16:35:58
84.39.114.155,2024-11-10 16:35:58,2024-11-10 16:35:58
37.120.217.147,2024-11-10 16:35:58,2024-11-10 16:35:58
37.120.217.78,2024-11-10 16:35:58,2024-11-10 16:35:58
188.95.65.99,2024-11-10 16:35:58,2024-11-10 16:35:58
172.93.153.141,2024-11-10 16:35:58,2024-11-10 16:35:58
178.239.172.114,2024-11-10 16:35:58,2024-11-10 16:35:58
188.95.65.115,2024-11-10 16:35:58,2024-11-10 16:35:58
84.39.114.157,2024-11-10 16:35:58,2024-11-10 16:35:58
89.187.161.22,2024-11-10 16:35:58,2024-11-10 16:35:58
188.95.65.112,2024-11-10 16:35:58,2024-11-10 16:35:58
45.86.208.37,2024-11-10 16:35:58,2024-11-10 16:35:58
37.120.217.148,2024-11-10 16:35:58,2024-11-10 16:35:58
37.120.217.181,2024-11-10 16:35:58,2024-11-10 16:35:58
178.239.172.59,2024-11-10 16:35:58,2024-11-10 16:35:58
84.39.114.156,2024-11-10 16:35:58,2024-11-10 16:35:58
37.120.217.134,2024-11-10 16:35:58,2024-11-10 16:35:58
212.102.60.141,2024-11-10 16:35:58,2024-11-10 16:35:58
89.187.161.218,2024-11-10 16:35:58,2024-11-10 16:35:58
188.95.65.120,2024-11-10 16:35:58,2024-11-10 16:35:58
212.102.60.167,2024-11-10 16:35:58,2024-11-10 16:35:58
89.187.160.139,2024-11-10 16:35:58,2024-11-10 16:35:58
212.102.60.180,2024-11-10 16:35:58,2024-11-10 16:35:58
178.239.172.111,2024-11-10 16:35:58,2024-11-10 16:35:58
212.102.60.154,2024-11-10 16:35:58,2024-11-10 16:35:58
188.95.65.97,2024-11-10 16:35:58,2024-11-10 16:35:58
89.187.185.14,2024-11-10 16:35:58,2024-11-10 16:35:58
156.146.56.133,2024-11-10 16:35:58,2024-11-10 16:35:58
188.95.65.40,2024-11-10 16:35:58,2024-11-10 16:35:58
188.95.65.42,2024-11-10 16:35:58,2024-11-10 16:35:58
149.88.111.211,2024-11-10 16:35:58,2024-11-10 16:35:58
146.70.9.212,2024-11-10 16:35:58,2024-11-10 16:35:58
37.120.217.182,2024-11-10 16:35:58,2024-11-10 16:35:58
37.120.217.133,2024-11-10 16:35:58,2024-11-10 16:35:58
37.120.217.76,2024-11-10 16:35:58,2024-11-10 16:35:58
146.70.9.214,2024-11-10 16:35:58,2024-11-10 16:35:58
156.146.56.177,2024-11-10 16:35:58,2024-11-10 16:35:58
156.146.56.131,2024-11-10 16:35:58,2024-11-10 16:35:58
89.187.161.25,2024-11-10 16:35:58,2024-11-10 16:35:58
178.239.172.113,2024-11-10 16:35:58,2024-11-10 16:35:58
89.187.161.23,2024-11-10 16:35:58,2024-11-10 16:35:58
89.187.160.155,2024-11-10 16:35:58,2024-11-10 16:35:58
37.120.217.179,2024-11-10 16:35:58,2024-11-10 16:35:58
138.199.31.235,2024-11-10 16:35:58,2024-11-10 16:35:58
89.187.161.4,2024-11-10 16:35:58,2024-11-10 16:35:58
37.120.217.131,2024-11-10 16:35:58,2024-11-10 16:35:58
138.199.31.232,2024-11-10 16:35:58,2024-11-10 16:35:58
89.187.161.3,2024-11-10 16:35:58,2024-11-10 16:35:58
89.187.161.24,2024-11-10 16:35:58,2024-11-10 16:35:58
37.120.217.149,2024-11-10 16:35:58,2024-11-10 16:35:58
89.187.161.5,2024-11-10 16:35:58,2024-11-10 16:35:58
178.239.172.112,2024-11-10 16:35:58,2024-11-10 16:35:58
37.120.217.150,2024-11-10 16:35:58,2024-11-10 16:35:58
156.146.56.138,2024-11-10 16:35:58,2024-11-10 16:35:58
89.187.160.132,2024-11-10 16:35:58,2024-11-10 16:35:58
37.120.217.180,2024-11-10 16:35:58,2024-11-10 16:35:58
172.93.153.131,2024-11-10 16:35:58,2024-11-10 16:35:58
188.95.65.98,2024-11-10 16:35:58,2024-11-10 16:35:58
84.39.114.158,2024-11-10 16:35:58,2024-11-10 16:35:58
178.239.172.124,2024-11-10 16:35:58,2024-11-10 16:35:58
188.95.65.121,2024-11-10 16:35:58,2024-11-10 16:35:58
188.95.65.122,2024-11-10 16:35:58,2024-11-10 16:35:58
185.193.157.245,2024-11-10 16:35:58,2024-11-10 16:35:58
89.187.160.145,2024-11-10 16:35:58,2024-11-10 16:35:58
89.187.185.5,2024-11-10 16:35:58,2024-11-10 16:35:58
156.146.56.132,2024-11-10 16:35:58,2024-11-10 16:35:58
178.239.172.57,2024-11-10 16:35:58,2024-11-10 16:35:58
146.70.9.211,2024-11-10 16:35:58,2024-11-10 16:35:58
37.120.217.77,2024-11-10 16:35:58,2024-11-10 16:35:58
149.88.111.231,2024-11-10 16:35:58,2024-11-10 16:35:58
188.95.65.43,2024-11-10 16:35:58,2024-11-10 16:35:58
89.187.161.2,2024-11-10 16:35:58,2024-11-10 16:35:58
156.146.56.137,2024-11-10 16:35:58,2024-11-10 16:35:58
188.95.65.96,2024-11-10 16:35:58,2024-11-10 16:35:58
188.95.65.113,2024-11-10 16:35:58,2024-11-10 16:35:58
138.199.31.233,2024-11-10 16:35:58,2024-11-10 16:35:58
